applicant_id,fico,dti,ltv,loan_amount,term_months,vehicle_age,annual_income,prior_delinquencies,inquiries_6mo,down_payment_pct,employment_years,region_risk_tier,default
TR00000,689,0.371,1.152,53439,48,6,139075,0,4,0.158,0.3,high,0
TR00001,792,0.268,0.953,17311,48,3,62015,0,0,0.096,10.1,low,0
TR00002,745,0.307,0.787,66973,60,13,148570,0,2,0.117,6.5,low,0
TR00003,577,0.394,0.855,8737,36,15,109074,1,4,0.175,8.7,medium,1
TR00004,687,0.465,0.879,50089,36,5,193070,0,4,0.146,9.7,low,1
TR00005,805,0.188,0.705,62512,84,12,131041,0,1,0.141,7.5,medium,0
TR00006,641,0.347,1.182,28842,72,4,85540,1,1,0.199,4.5,low,1
TR00007,813,0.153,0.864,29330,72,15,176173,0,4,0.094,0.0,medium,0
TR00008,609,0.47,1.027,49744,36,15,23736,0,1,0.159,1.8,low,1
TR00009,791,0.34,0.85,42625,48,2,95686,1,0,0.0,5.1,low,0
TR00010,663,0.142,0.828,15838,36,1,168925,1,0,0.273,6.0,low,0
TR00011,555,0.265,0.754,19936,84,2,135399,0,3,0.069,7.0,medium,0
TR00012,538,0.482,1.013,42940,84,1,93633,1,0,0.138,10.6,low,1
TR00013,580,0.147,0.763,37589,48,8,193835,0,2,0.202,12.0,low,0
TR00014,571,0.446,0.723,27605,72,10,178976,1,1,0.219,13.0,high,1
TR00015,625,0.28,1.052,43725,60,13,116269,1,3,0.246,8.5,medium,0
TR00016,605,0.337,1.033,36831,72,15,166421,0,1,0.191,8.4,low,0
TR00017,673,0.245,0.98,59700,48,6,103246,0,2,0.173,2.8,medium,0
TR00018,695,0.441,0.991,20173,48,6,53658,0,1,0.17,2.5,high,0
TR00019,798,0.339,0.888,15850,72,10,160856,0,5,0.163,3.9,medium,0
TR00020,594,0.341,0.935,27383,36,1,181520,1,2,0.102,10.2,high,0
TR00021,522,0.222,0.911,30004,36,3,173185,0,4,0.089,7.8,medium,1
TR00022,681,0.214,0.927,35311,72,3,57700,0,1,0.084,10.0,high,0
TR00023,590,0.306,0.953,32953,36,8,197722,0,1,0.254,9.7,medium,0
TR00024,796,0.39,0.794,42837,48,9,139723,0,2,0.282,8.2,medium,0
TR00025,766,0.149,1.06,7325,84,6,42473,1,3,0.059,10.7,low,1
TR00026,564,0.152,0.855,33520,36,7,103720,2,4,0.097,6.9,medium,1
TR00027,648,0.372,1.028,67135,60,5,58854,1,3,0.0,7.2,high,0
TR00028,623,0.214,0.905,24148,84,15,81251,0,1,0.283,0.0,low,0
TR00029,545,0.261,1.115,22850,48,14,118775,1,3,0.178,1.7,low,1
TR00030,757,0.181,1.172,42249,36,1,111886,1,4,0.032,9.7,medium,1
TR00031,641,0.309,0.933,45818,36,9,77948,1,3,0.2,1.2,medium,0
TR00032,665,0.395,1.003,57615,84,2,111032,0,3,0.119,6.7,medium,1
TR00033,625,0.477,0.908,25870,36,10,122767,0,0,0.121,9.7,low,0
TR00034,600,0.344,0.794,35543,84,13,40386,0,3,0.135,7.6,medium,1
TR00035,526,0.373,0.867,31411,60,5,189668,0,3,0.086,9.8,medium,1
TR00036,538,0.247,0.76,11565,84,7,171890,1,3,0.14,9.3,low,1
TR00037,796,0.527,0.881,17698,84,10,179358,0,0,0.154,6.3,low,0
TR00038,662,0.333,0.819,26070,48,13,178718,3,1,0.093,6.2,low,1
TR00039,527,0.207,1.034,53197,84,12,134283,0,1,0.108,4.9,medium,1
TR00040,644,0.504,0.954,20867,84,10,66034,0,1,0.069,11.5,high,1
TR00041,779,0.292,0.972,17701,48,0,194864,0,1,0.07,5.6,low,0
TR00042,803,0.302,1.07,36708,36,8,105235,0,0,0.267,2.8,high,0
TR00043,662,0.452,1.162,8806,72,3,103541,0,1,0.197,9.0,medium,1
TR00044,796,0.248,1.108,17428,84,13,106733,0,2,0.087,0.0,high,0
TR00045,532,0.288,1.068,50886,60,2,148576,2,2,0.03,2.5,low,1
TR00046,520,0.348,1.032,52312,72,7,85699,0,2,0.108,7.1,medium,0
TR00047,772,0.122,0.781,68474,48,8,128535,0,1,0.167,10.6,low,0
TR00048,613,0.253,0.949,36022,36,14,110509,0,5,0.13,15.9,low,0
TR00049,760,0.442,0.899,48402,60,9,173993,0,1,0.307,4.9,medium,0
TR00050,661,0.357,1.108,15601,48,12,192906,0,2,0.075,10.9,low,0
TR00051,742,0.386,1.11,59011,48,14,39729,1,3,0.0,3.2,low,0
TR00052,705,0.307,0.875,64858,48,4,84936,1,4,0.073,11.8,low,0
TR00053,540,0.332,1.073,41873,84,7,85261,0,1,0.146,4.2,low,1
TR00054,743,0.129,0.966,40606,36,9,124312,2,1,0.126,6.7,medium,0
TR00055,714,0.435,0.862,26037,36,12,173082,0,3,0.109,6.4,medium,1
TR00056,817,0.405,1.019,28404,84,6,94527,0,0,0.094,4.4,high,0
TR00057,825,0.091,1.308,40945,48,1,108642,1,1,0.0,3.3,low,0
TR00058,770,0.274,0.983,68658,84,13,35461,1,2,0.259,10.1,low,0
TR00059,759,0.279,0.868,20615,48,10,149798,0,1,0.155,7.1,low,0
TR00060,629,0.327,1.375,25542,60,7,28268,1,4,0.114,12.9,low,1
TR00061,586,0.431,0.736,22074,84,14,125912,1,0,0.173,7.1,high,1
TR00062,660,0.221,0.828,60282,36,3,136040,0,4,0.196,4.7,medium,0
TR00063,546,0.256,0.558,46349,72,3,144538,3,0,0.031,7.4,low,1
TR00064,542,0.45,1.098,28403,84,8,84802,1,0,0.141,7.2,medium,0
TR00065,821,0.432,0.898,49515,84,10,194858,0,0,0.154,5.7,low,0
TR00066,632,0.267,0.96,51850,48,0,68242,2,3,0.099,12.4,medium,1
TR00067,749,0.289,0.815,53015,60,0,119403,0,1,0.156,7.5,low,0
TR00068,676,0.342,0.902,64989,60,8,127190,0,2,0.099,12.8,low,0
TR00069,823,0.305,1.194,46791,60,10,37118,1,3,0.096,6.8,low,0
TR00070,699,0.394,0.966,18909,72,14,57407,0,3,0.154,9.6,high,0
TR00071,763,0.404,0.881,66320,48,12,151307,0,1,0.171,5.8,high,0
TR00072,761,0.354,1.006,25107,84,1,96585,1,1,0.067,11.3,high,0
TR00073,561,0.307,0.976,25116,72,5,78304,0,2,0.132,4.6,low,0
TR00074,740,0.321,1.19,47809,36,10,166236,3,1,0.224,4.6,low,0
TR00075,557,0.398,0.898,20163,48,5,149016,1,2,0.07,4.9,medium,1
TR00076,611,0.221,0.725,68066,84,9,34972,0,2,0.042,8.0,low,0
TR00077,588,0.306,0.988,54247,72,10,92737,2,3,0.156,5.3,medium,1
TR00078,649,0.365,1.005,30120,48,0,49399,0,0,0.074,10.5,medium,1
TR00079,714,0.345,0.906,52860,48,7,96027,0,3,0.042,7.5,low,0
TR00080,826,0.296,1.109,18507,84,15,189892,0,4,0.099,12.7,low,0
TR00081,737,0.421,0.916,21522,72,14,61796,1,1,0.058,8.0,medium,1
TR00082,528,0.321,1.056,5831,84,7,157839,1,3,0.132,5.4,low,0
TR00083,758,0.481,0.816,42107,60,10,198589,0,1,0.247,3.8,medium,0
TR00084,643,0.34,0.861,33300,60,6,178066,0,1,0.309,9.9,medium,0
TR00085,645,0.377,0.818,13378,84,9,113959,0,2,0.199,6.9,low,0
TR00086,620,0.256,0.785,17380,48,9,50174,0,3,0.083,9.7,low,0
TR00087,628,0.308,1.123,6996,72,8,104229,0,3,0.054,0.0,low,0
TR00088,710,0.21,0.688,12707,48,13,128979,1,0,0.092,7.8,low,0
TR00089,799,0.394,1.081,37087,48,5,97433,0,1,0.04,6.7,low,0
TR00090,662,0.227,1.046,54318,84,9,182983,1,2,0.31,6.9,high,0
TR00091,548,0.304,0.906,17763,36,0,75272,0,3,0.144,6.2,low,1
TR00092,775,0.352,1.159,48763,48,8,108247,0,2,0.065,1.6,low,0
TR00093,583,0.451,1.09,44851,60,4,182582,2,2,0.0,1.7,medium,1
TR00094,721,0.149,1.066,9942,84,1,24567,1,0,0.0,13.6,medium,0
TR00095,620,0.543,1.222,22118,72,4,84043,1,1,0.163,4.9,low,1
TR00096,526,0.329,1.059,14766,60,8,195717,0,1,0.088,0.0,high,0
TR00097,770,0.249,0.741,16090,48,13,86609,1,5,0.202,9.1,medium,0
TR00098,590,0.334,0.913,37249,60,9,67416,0,3,0.078,14.2,medium,0
TR00099,663,0.32,0.891,60920,60,12,86058,0,3,0.089,10.0,low,0
TR00100,690,0.171,0.889,45076,84,6,178404,0,2,0.15,6.3,medium,0
TR00101,784,0.267,0.906,40010,72,8,53863,0,2,0.214,1.4,medium,0
TR00102,589,0.416,1.011,51168,84,7,33564,1,1,0.112,7.8,low,1
TR00103,804,0.448,1.092,8205,48,2,31114,0,2,0.067,6.0,medium,0
TR00104,748,0.233,0.634,7164,84,11,125945,0,1,0.124,0.2,medium,0
TR00105,607,0.338,0.889,25742,84,7,24159,3,1,0.252,10.4,high,1
TR00106,816,0.689,0.999,35095,60,6,73065,1,1,0.08,7.1,low,0
TR00107,616,0.479,1.049,66474,72,6,55184,0,4,0.113,7.8,low,1
TR00108,718,0.338,1.259,45718,48,6,186546,0,2,0.192,5.2,medium,0
TR00109,556,0.32,1.164,63448,72,6,106783,0,1,0.196,11.0,medium,0
TR00110,812,0.213,1.108,16275,60,11,143701,1,1,0.217,9.9,medium,0
TR00111,563,0.307,0.838,23080,60,4,142462,1,5,0.086,6.1,low,1
TR00112,577,0.354,0.934,69453,84,2,126136,0,1,0.138,5.3,medium,0
TR00113,772,0.254,0.845,46195,36,11,60401,1,2,0.0,6.6,medium,0
TR00114,660,0.444,1.0,19138,36,0,154427,1,2,0.034,8.5,medium,0
TR00115,598,0.271,0.761,52551,36,12,93316,1,1,0.118,5.6,medium,1
TR00116,732,0.313,1.058,29295,72,11,43093,2,2,0.014,7.0,high,1
TR00117,545,0.62,0.676,45534,84,14,197491,2,1,0.0,5.2,medium,0
TR00118,751,0.278,0.998,48216,48,9,131157,2,2,0.229,5.2,low,0
TR00119,793,0.179,1.066,22537,36,6,71172,0,4,0.155,8.4,low,0
TR00120,819,0.114,1.28,11995,84,10,87180,0,3,0.144,3.2,medium,0
TR00121,613,0.17,0.899,45883,84,12,184166,0,1,0.234,5.0,medium,0
TR00122,738,0.575,0.916,38693,72,6,119036,1,2,0.103,7.1,medium,1
TR00123,771,0.427,0.864,55351,60,1,96592,0,3,0.0,2.5,medium,0
TR00124,652,0.387,0.98,12726,84,11,114750,2,3,0.0,0.0,medium,0
TR00125,539,0.455,1.129,17826,60,14,35009,1,1,0.096,5.5,low,1
TR00126,557,0.604,0.906,10122,48,10,21282,0,3,0.117,15.0,medium,1
TR00127,730,0.227,0.891,12589,60,15,147334,1,2,0.136,8.4,low,0
TR00128,566,0.241,0.84,30017,36,11,101721,0,1,0.107,8.8,low,0
TR00129,544,0.352,0.98,17921,72,4,71466,1,2,0.111,4.6,low,0
TR00130,607,0.379,1.055,26589,84,5,28427,0,3,0.152,5.4,medium,1
TR00131,657,0.472,0.942,25212,36,9,192887,1,2,0.22,7.0,low,0
TR00132,764,0.159,0.888,9097,48,6,186042,0,0,0.155,5.0,low,0
TR00133,637,0.219,0.773,50050,36,0,39603,0,1,0.178,1.3,medium,0
TR00134,677,0.361,0.859,50047,36,15,114469,0,0,0.004,0.6,medium,0
TR00135,599,0.295,1.313,16527,36,11,182109,0,3,0.242,2.4,high,1
TR00136,761,0.348,1.194,26135,84,11,189469,0,1,0.0,9.6,low,0
TR00137,611,0.358,0.822,32435,60,12,189768,0,1,0.0,5.3,low,1
TR00138,591,0.302,1.058,37057,84,0,194537,0,2,0.036,7.6,high,1
TR00139,590,0.244,0.948,65855,60,1,107502,1,2,0.0,2.9,low,0
TR00140,618,0.41,0.963,63920,36,15,122990,0,3,0.042,2.1,low,0
TR00141,740,0.432,0.743,5891,72,9,114988,1,1,0.055,8.0,low,0
TR00142,557,0.369,0.727,21233,48,11,82245,0,3,0.148,3.4,medium,0
TR00143,562,0.251,0.937,26964,36,12,29253,0,1,0.211,0.6,low,0
TR00144,769,0.251,1.177,16164,84,6,49354,2,1,0.1,6.1,medium,0
TR00145,712,0.176,0.969,40612,36,11,161004,0,1,0.131,6.4,low,0
TR00146,722,0.18,0.624,13433,60,12,54197,0,3,0.0,7.2,medium,0
TR00147,569,0.358,0.987,68247,60,12,129966,0,2,0.202,10.7,medium,1
TR00148,573,0.421,0.991,33443,84,1,22210,0,1,0.144,0.7,low,1
TR00149,819,0.482,0.667,35551,72,12,184636,1,1,0.205,9.4,low,0
TR00150,620,0.451,0.747,48619,36,5,66597,1,1,0.089,5.4,medium,0
TR00151,703,0.478,0.676,32753,72,10,197250,0,1,0.005,4.5,medium,0
TR00152,580,0.327,0.871,67099,84,14,154589,1,0,0.026,0.0,low,1
TR00153,679,0.244,0.921,52067,60,11,175527,0,2,0.035,1.4,low,0
TR00154,713,0.175,1.079,8132,48,12,34961,0,2,0.145,5.5,high,0
TR00155,714,0.532,1.157,31720,60,1,132287,0,1,0.03,7.8,low,1
TR00156,617,0.326,0.856,20486,72,0,158983,0,2,0.246,9.1,medium,1
TR00157,647,0.208,0.974,69373,60,0,47870,0,1,0.096,0.0,low,0
TR00158,744,0.193,0.971,51898,72,4,96636,0,1,0.045,3.6,low,0
TR00159,750,0.255,1.08,11556,48,9,37487,0,1,0.179,12.1,low,0
TR00160,662,0.383,1.118,66949,72,8,48122,0,2,0.051,4.2,low,0
TR00161,665,0.422,0.827,25020,36,4,82274,1,1,0.138,0.0,medium,0
TR00162,684,0.402,0.948,27013,60,1,134308,1,3,0.272,4.7,medium,0
TR00163,721,0.257,0.844,31553,48,9,159104,2,2,0.087,5.8,low,0
TR00164,569,0.456,0.936,37935,60,12,137200,1,1,0.015,7.2,medium,1
TR00165,563,0.412,0.82,23039,48,4,117893,0,1,0.153,9.1,low,1
TR00166,733,0.369,0.953,54522,36,15,141806,1,0,0.212,6.6,low,1
TR00167,751,0.492,0.728,7663,36,14,22449,0,1,0.064,0.4,medium,0
TR00168,735,0.29,1.058,31748,60,7,34113,0,2,0.174,5.5,medium,0
TR00169,677,0.274,1.046,16231,72,12,44026,0,3,0.121,9.0,medium,0
TR00170,744,0.495,0.893,16605,48,3,196609,1,1,0.119,10.1,low,0
TR00171,574,0.255,0.912,22986,84,14,38142,0,3,0.063,3.9,high,0
TR00172,717,0.153,0.963,28218,72,2,74929,0,4,0.071,3.4,low,0
TR00173,643,0.391,1.117,47995,60,10,51881,0,2,0.06,6.0,low,0
TR00174,695,0.338,0.651,31563,48,10,93618,0,2,0.137,3.2,high,1
TR00175,692,0.382,1.14,31722,72,7,158114,1,0,0.0,0.9,medium,0
TR00176,737,0.326,0.874,54194,36,13,121504,1,3,0.232,0.0,medium,0
TR00177,526,0.382,0.86,58246,36,9,115701,1,3,0.129,4.5,medium,1
TR00178,734,0.305,0.904,42780,36,1,197840,0,0,0.092,10.4,medium,0
TR00179,800,0.428,1.057,52341,36,3,55018,0,3,0.0,0.0,low,0
TR00180,672,0.4,0.738,52443,72,6,166277,4,0,0.093,1.0,medium,0
TR00181,688,0.376,1.146,43828,48,0,75279,0,2,0.181,1.1,medium,0
TR00182,607,0.184,1.084,6492,72,9,39590,0,0,0.014,3.0,low,1
TR00183,612,0.397,1.04,39907,36,15,140485,0,5,0.119,3.6,high,1
TR00184,671,0.299,0.955,10340,72,9,66900,0,3,0.084,0.4,medium,1
TR00185,719,0.549,0.986,16492,36,15,85416,0,0,0.164,6.8,low,0
TR00186,602,0.286,1.003,44111,48,15,127471,0,2,0.068,3.9,high,1
TR00187,526,0.489,0.825,10718,60,15,148893,1,4,0.114,9.1,high,0
TR00188,721,0.366,0.738,65858,36,4,180636,0,0,0.13,1.5,medium,1
TR00189,573,0.4,0.981,30284,36,11,53055,1,4,0.04,6.7,low,0
TR00190,732,0.312,0.925,61812,60,3,40095,0,2,0.063,2.2,low,0
TR00191,706,0.463,1.058,14771,84,5,107136,0,2,0.041,14.3,low,0
TR00192,781,0.489,1.078,6414,60,2,58005,0,2,0.179,0.3,low,0
TR00193,560,0.347,0.707,42113,60,11,89477,1,4,0.0,0.8,low,0
TR00194,595,0.198,0.818,19558,36,6,54558,0,1,0.097,2.5,low,0
TR00195,820,0.139,0.977,42589,36,10,152165,0,0,0.207,13.0,low,0
TR00196,526,0.333,1.128,59072,60,1,86609,0,4,0.103,5.9,high,1
TR00197,801,0.267,1.078,65443,36,11,197910,2,2,0.179,12.9,medium,0
TR00198,534,0.331,0.796,17827,48,13,98393,1,2,0.064,5.5,high,1
TR00199,642,0.447,0.85,39650,48,6,106096,1,2,0.218,0.0,low,1
TR00200,584,0.43,1.111,57614,72,4,21324,2,2,0.176,5.3,low,1
TR00201,562,0.236,1.014,23620,36,7,135652,0,1,0.098,1.4,low,1
TR00202,818,0.383,0.886,36308,84,3,157949,1,1,0.05,12.6,low,0
TR00203,813,0.321,0.826,29314,36,8,140922,2,4,0.238,7.5,medium,0
TR00204,721,0.63,0.861,16916,72,10,64616,1,3,0.205,3.2,low,1
TR00205,677,0.447,1.007,66359,48,14,122814,1,1,0.223,6.9,high,0
TR00206,630,0.224,0.879,25716,60,3,75039,1,0,0.253,11.4,medium,0
TR00207,727,0.51,0.957,6109,60,1,187717,1,2,0.154,1.3,medium,0
TR00208,695,0.144,0.929,27174,72,14,63220,0,1,0.117,9.7,high,0
TR00209,685,0.38,0.748,24747,84,12,149976,1,1,0.08,3.2,low,0
TR00210,673,0.318,0.87,68699,36,8,125209,0,0,0.234,13.2,medium,0
TR00211,605,0.411,0.8,61704,60,13,41195,0,3,0.161,3.6,high,1
TR00212,639,0.356,1.006,52707,60,15,184607,0,2,0.0,4.0,medium,0
TR00213,606,0.205,0.962,49602,48,2,177059,0,1,0.012,1.4,high,0
TR00214,569,0.549,1.11,66278,48,15,81943,2,1,0.196,14.9,low,0
TR00215,648,0.239,0.985,6591,36,1,190946,2,4,0.095,0.0,high,1
TR00216,760,0.306,1.045,65217,60,8,92421,1,0,0.227,9.1,medium,0
TR00217,597,0.318,0.887,7450,84,1,113080,1,2,0.019,9.0,low,0
TR00218,623,0.3,0.966,32670,72,5,24523,0,3,0.202,0.6,low,0
TR00219,677,0.308,0.617,68663,60,1,149020,1,0,0.116,4.0,low,0
TR00220,597,0.496,1.4,35710,48,0,128681,1,1,0.068,8.9,low,1
TR00221,608,0.285,1.242,16482,72,1,169317,0,3,0.067,10.1,high,1
TR00222,693,0.162,0.984,16725,60,4,191749,1,2,0.091,15.9,high,0
TR00223,684,0.469,0.961,48644,84,7,163422,0,0,0.14,10.0,medium,0
TR00224,667,0.386,0.992,12727,48,12,126897,1,2,0.063,12.3,medium,1
TR00225,579,0.547,0.748,58025,48,10,187740,0,3,0.043,1.4,medium,1
TR00226,807,0.489,0.739,29707,84,2,74819,0,1,0.134,10.8,low,0
TR00227,590,0.369,1.177,12769,72,3,100176,0,0,0.176,6.9,medium,1
TR00228,825,0.282,0.879,8181,72,13,76290,1,4,0.0,3.6,low,0
TR00229,741,0.275,0.876,41068,84,9,119796,3,2,0.041,4.4,low,1
TR00230,641,0.452,1.174,23420,60,6,35423,1,4,0.23,4.4,medium,1
TR00231,709,0.367,0.822,46678,60,0,194351,1,2,0.122,0.0,high,0
TR00232,759,0.339,0.997,60357,72,6,182759,1,2,0.144,0.7,medium,0
TR00233,789,0.522,0.829,43174,48,8,149139,2,1,0.037,6.0,medium,0
TR00234,735,0.324,0.95,48862,60,10,125279,0,4,0.123,5.6,medium,0
TR00235,657,0.37,0.924,7819,60,3,105300,0,2,0.105,6.8,low,0
TR00236,662,0.227,0.999,45228,60,14,171891,0,2,0.136,4.6,low,1
TR00237,706,0.26,1.129,7740,72,6,129672,2,0,0.094,4.6,high,0
TR00238,589,0.158,0.902,29974,36,10,155019,0,2,0.113,7.4,low,0
TR00239,824,0.206,1.001,54751,48,5,30540,1,2,0.014,3.4,low,0
TR00240,592,0.408,1.009,66775,36,6,96219,0,5,0.0,5.4,low,1
TR00241,709,0.323,0.872,44315,60,0,38281,0,3,0.082,6.5,high,1
TR00242,593,0.252,0.813,6989,48,1,184390,0,4,0.083,5.0,medium,0
TR00243,544,0.415,0.703,30856,60,6,42779,1,2,0.251,11.0,low,0
TR00244,686,0.31,1.033,18308,48,6,178292,0,2,0.186,6.8,low,0
TR00245,721,0.454,0.76,28198,84,2,119428,0,1,0.268,6.1,low,0
TR00246,805,0.498,0.919,25795,48,3,21906,0,0,0.021,9.9,medium,0
TR00247,825,0.195,0.647,60711,48,2,92843,1,0,0.064,10.3,high,0
TR00248,680,0.38,0.948,68248,48,6,20494,0,4,0.142,1.5,medium,1
TR00249,629,0.445,0.933,53533,84,3,37770,1,2,0.141,6.2,low,0
TR00250,668,0.215,1.057,52912,60,15,27576,1,1,0.075,6.8,low,1
TR00251,782,0.235,0.779,17751,72,14,163904,0,4,0.061,3.7,low,0
TR00252,527,0.448,0.872,52626,72,13,191712,1,0,0.115,7.3,low,1
TR00253,617,0.364,0.886,63028,72,9,187082,0,2,0.066,11.4,high,1
TR00254,668,0.275,0.716,31796,48,1,177714,1,2,0.217,8.2,high,0
TR00255,638,0.371,0.78,52607,36,10,89169,0,0,0.038,2.8,low,0
TR00256,733,0.376,0.97,27481,36,7,97352,0,1,0.0,6.1,medium,0
TR00257,553,0.231,1.088,51944,72,13,189404,1,0,0.086,3.2,low,1
TR00258,615,0.456,1.055,21254,36,12,83278,1,3,0.154,9.8,low,0
TR00259,711,0.272,0.665,61434,36,3,194051,0,3,0.136,11.1,medium,0
TR00260,777,0.259,0.98,16762,84,2,116627,0,2,0.05,7.3,medium,0
TR00261,817,0.318,0.919,63799,84,2,21131,2,1,0.193,7.1,low,0
TR00262,524,0.524,0.689,28388,72,13,71091,2,1,0.075,11.8,low,1
TR00263,567,0.402,0.873,57519,84,2,82032,1,0,0.228,3.6,high,1
TR00264,568,0.289,1.099,21668,48,2,179465,0,0,0.192,0.0,low,0
TR00265,824,0.3,1.001,67645,72,2,173677,1,1,0.149,4.2,medium,0
TR00266,599,0.369,1.156,59034,48,0,38639,1,3,0.0,8.2,high,1
TR00267,763,0.529,1.013,60263,60,4,61701,1,0,0.254,0.7,low,1
TR00268,785,0.315,0.678,35984,48,12,60982,0,3,0.208,7.7,medium,0
TR00269,550,0.377,0.927,55892,72,8,53713,0,1,0.113,0.0,medium,0
TR00270,756,0.24,0.841,36060,72,0,59227,3,2,0.062,6.2,medium,0
TR00271,535,0.291,0.964,17021,48,4,154236,1,0,0.201,11.7,medium,0
TR00272,550,0.494,0.846,68058,48,15,152504,2,1,0.088,9.4,high,0
TR00273,641,0.16,0.779,44156,84,4,186977,0,1,0.138,0.0,medium,0
TR00274,525,0.282,0.855,32459,72,9,145862,0,1,0.095,8.6,low,0
TR00275,736,0.467,0.856,50456,60,1,29040,0,3,0.265,7.0,high,0
TR00276,781,0.31,0.845,43377,48,7,43302,0,1,0.107,10.1,medium,0
TR00277,770,0.554,0.75,69826,72,12,77196,0,3,0.277,7.6,low,0
TR00278,713,0.358,0.994,7144,48,4,190621,1,1,0.0,3.1,high,0
TR00279,545,0.226,1.17,66417,84,8,67824,0,4,0.182,11.8,medium,0
TR00280,789,0.334,0.824,55848,84,8,173660,1,1,0.123,6.5,low,0
TR00281,620,0.406,0.996,54278,48,14,64111,1,1,0.139,6.7,low,0
TR00282,713,0.396,0.965,17758,72,4,75404,0,1,0.021,5.2,high,0
TR00283,617,0.285,1.159,21056,60,6,147397,2,1,0.229,2.7,low,0
TR00284,590,0.244,0.964,52278,72,9,52144,2,0,0.246,5.5,low,1
TR00285,574,0.397,0.901,52328,36,3,109322,1,4,0.06,8.6,low,1
TR00286,792,0.316,0.832,52651,72,9,122725,0,0,0.084,0.0,high,0
TR00287,814,0.361,0.984,9901,60,4,127627,0,2,0.178,5.6,medium,0
TR00288,759,0.476,1.024,26810,48,0,139915,2,2,0.207,3.1,medium,0
TR00289,665,0.456,1.228,28022,36,9,67918,0,5,0.22,5.0,high,1
TR00290,766,0.214,1.028,45802,84,0,63523,1,4,0.278,1.1,low,0
TR00291,672,0.225,1.065,24572,36,8,56227,1,1,0.207,6.5,low,0
TR00292,547,0.397,0.789,48638,48,15,193319,1,4,0.0,8.1,medium,1
TR00293,604,0.46,1.161,63142,36,1,98924,0,4,0.176,2.7,low,0
TR00294,629,0.211,1.035,15899,36,8,105207,0,0,0.0,8.7,medium,0
TR00295,751,0.275,0.797,49243,72,9,118608,0,1,0.097,11.0,medium,0
TR00296,692,0.306,1.321,6385,48,4,136547,0,4,0.204,7.4,low,0
TR00297,809,0.282,0.73,30845,60,12,113761,0,5,0.118,8.7,medium,0
TR00298,690,0.226,0.795,49568,48,13,198386,0,2,0.11,8.4,low,0
TR00299,728,0.162,1.072,50802,60,12,123587,1,1,0.171,3.6,low,0
TR00300,722,0.435,0.722,47212,84,8,61529,0,3,0.127,3.5,medium,0
TR00301,797,0.522,1.004,45098,48,2,29185,0,2,0.143,3.9,high,1
TR00302,696,0.271,1.016,61198,60,8,178033,0,2,0.118,5.9,medium,0
TR00303,607,0.32,1.068,54767,48,11,41164,1,1,0.227,5.6,medium,1
TR00304,748,0.37,0.997,50121,72,2,172963,1,0,0.067,0.0,medium,0
TR00305,711,0.326,0.983,27852,84,1,193608,1,0,0.265,7.0,low,0
TR00306,740,0.351,0.861,61242,48,5,47429,0,3,0.241,9.1,low,0
TR00307,594,0.318,0.994,26034,36,12,35326,1,2,0.16,0.0,low,0
TR00308,577,0.408,1.189,6098,60,6,68968,1,3,0.084,11.4,low,1
TR00309,536,0.342,1.181,11071,36,6,164004,0,5,0.155,6.3,low,1
TR00310,614,0.384,0.865,42781,60,13,50948,2,3,0.088,1.5,medium,1
TR00311,798,0.574,1.038,6513,72,6,23982,1,3,0.061,2.8,medium,0
TR00312,757,0.116,1.05,43407,36,15,39628,1,3,0.179,5.8,medium,0
TR00313,673,0.371,1.116,66768,72,0,141826,1,0,0.249,0.0,low,1
TR00314,538,0.432,0.921,43182,72,0,190057,1,1,0.04,7.8,low,1
TR00315,821,0.226,0.821,7385,60,7,114898,0,2,0.127,1.4,low,1
TR00316,813,0.487,0.905,25423,84,0,193490,0,2,0.128,7.0,low,0
TR00317,536,0.348,1.118,32881,48,0,117277,0,1,0.146,15.1,low,0
TR00318,620,0.266,0.943,56388,36,10,153710,0,3,0.201,6.8,medium,1
TR00319,704,0.415,0.97,43507,60,11,77948,0,2,0.03,1.9,medium,0
TR00320,776,0.409,0.805,44219,48,13,68092,0,3,0.064,7.2,low,0
TR00321,788,0.383,1.036,57495,60,7,100509,0,1,0.124,13.7,low,0
TR00322,747,0.227,1.059,12877,60,2,54350,0,1,0.239,1.7,low,0
TR00323,670,0.351,1.101,29043,36,11,55627,0,3,0.112,4.3,low,0
TR00324,553,0.256,1.2,37317,36,11,53700,1,2,0.111,0.8,low,0
TR00325,771,0.158,1.115,32879,36,10,148858,2,2,0.199,7.4,high,0
TR00326,536,0.291,0.866,68851,84,6,34069,0,3,0.149,4.4,low,0
TR00327,651,0.187,0.8,68426,36,13,121465,3,0,0.048,0.5,low,0
TR00328,750,0.381,0.671,31628,60,3,100540,3,2,0.08,4.1,low,0
TR00329,678,0.283,1.022,7830,84,1,73928,1,3,0.19,8.3,medium,0
TR00330,546,0.446,1.064,32331,72,10,165780,0,2,0.132,4.6,low,1
TR00331,813,0.251,1.181,28533,72,5,194947,3,1,0.093,5.9,low,1
TR00332,774,0.324,0.656,63323,48,2,102534,1,0,0.265,1.4,low,0
TR00333,548,0.345,0.807,69249,36,3,183754,1,1,0.094,11.5,high,1
TR00334,586,0.515,0.889,34517,84,2,44186,0,0,0.092,5.9,low,0
TR00335,824,0.596,0.925,51008,48,9,21353,0,0,0.3,12.4,medium,0
TR00336,543,0.422,1.168,19754,72,3,97591,0,3,0.145,8.1,low,1
TR00337,748,0.192,1.099,51704,60,1,120193,3,1,0.0,3.9,low,0
TR00338,615,0.401,0.919,24495,36,5,194552,0,2,0.17,7.1,medium,1
TR00339,634,0.256,0.764,55031,72,14,42883,0,1,0.123,0.7,low,0
TR00340,676,0.322,0.724,30476,60,3,44662,1,3,0.23,0.9,low,0
TR00341,750,0.529,0.793,20813,60,2,107118,0,0,0.121,8.1,low,1
TR00342,625,0.4,1.0,10813,72,11,54790,1,1,0.134,9.5,low,0
TR00343,531,0.516,1.213,12955,60,12,70768,2,3,0.09,2.5,low,1
TR00344,710,0.355,1.4,56195,84,8,20986,0,0,0.068,5.9,high,1
TR00345,656,0.449,1.253,66087,36,7,147332,0,2,0.193,7.4,high,1
TR00346,745,0.282,0.971,63700,72,7,136110,1,1,0.068,15.1,low,0
TR00347,526,0.16,1.265,44332,36,3,125773,1,2,0.286,10.9,low,0
TR00348,787,0.307,1.053,5585,36,12,31964,1,0,0.262,5.7,low,0
TR00349,592,0.608,1.185,44702,36,2,48982,1,1,0.211,5.0,low,0
TR00350,752,0.363,1.094,14801,60,11,92390,0,1,0.123,7.9,low,0
TR00351,694,0.32,0.992,28520,48,7,38687,0,2,0.221,3.2,medium,0
TR00352,821,0.086,0.891,10561,84,8,94805,1,1,0.0,2.1,low,0
TR00353,761,0.447,0.754,55409,48,9,111670,0,1,0.136,2.9,low,0
TR00354,603,0.401,1.157,64279,48,1,69797,0,1,0.138,2.9,medium,1
TR00355,553,0.3,1.216,22878,60,8,37114,0,1,0.201,3.2,medium,1
TR00356,822,0.329,1.104,10883,60,13,130122,2,1,0.072,2.0,high,1
TR00357,633,0.274,0.835,7928,72,5,94992,0,0,0.227,1.9,low,0
TR00358,592,0.146,0.699,63669,48,9,177844,0,1,0.209,4.7,low,0
TR00359,705,0.215,1.204,7957,60,3,143661,1,0,0.149,8.6,low,0
TR00360,549,0.315,0.891,8953,72,2,140606,1,1,0.096,7.1,high,1
TR00361,526,0.343,1.336,16116,48,11,110575,0,2,0.238,9.6,medium,1
TR00362,634,0.207,0.796,15977,72,5,110690,4,3,0.247,0.0,low,0
TR00363,796,0.36,0.956,7877,48,10,196982,1,3,0.054,8.3,medium,1
TR00364,531,0.308,1.005,20073,48,3,69183,0,1,0.061,4.6,medium,0
TR00365,741,0.483,1.07,55662,84,13,178651,0,3,0.099,4.3,medium,0
TR00366,781,0.26,1.078,15067,60,4,123287,2,0,0.082,6.1,medium,0
TR00367,752,0.393,1.076,25462,72,2,198992,0,2,0.132,6.4,low,0
TR00368,553,0.383,0.987,18449,84,12,89028,1,5,0.272,2.6,high,0
TR00369,758,0.366,0.957,33497,72,0,191285,1,1,0.165,8.2,low,0
TR00370,775,0.378,0.996,24657,84,9,144136,0,4,0.072,5.3,low,0
TR00371,577,0.439,0.993,14029,84,0,131479,1,4,0.22,6.3,medium,1
TR00372,703,0.469,1.033,14323,36,9,132668,1,4,0.054,10.3,high,0
TR00373,613,0.413,1.029,65558,36,8,197656,0,3,0.134,1.2,high,0
TR00374,758,0.157,0.769,65897,60,10,51363,0,1,0.132,5.3,medium,0
TR00375,802,0.562,0.957,50921,60,14,113288,1,1,0.139,9.4,medium,0
TR00376,565,0.066,0.762,21967,36,1,37951,2,0,0.086,4.5,low,0
TR00377,523,0.482,1.0,18763,48,4,89678,0,2,0.215,9.7,medium,0
TR00378,531,0.399,0.805,46687,36,7,122132,0,1,0.082,0.0,low,0
TR00379,768,0.286,0.724,56859,48,5,195153,1,3,0.002,0.0,low,0
TR00380,682,0.3,1.18,60715,48,11,87404,3,0,0.186,2.0,low,1
TR00381,651,0.191,1.075,55201,48,6,178058,1,2,0.116,7.8,low,0
TR00382,544,0.271,1.0,47516,48,11,128490,1,1,0.136,0.0,medium,0
TR00383,741,0.587,1.098,13868,72,6,72777,1,0,0.0,13.3,low,1
TR00384,608,0.278,1.323,52608,36,4,187262,0,3,0.234,6.3,high,0
TR00385,805,0.266,0.996,20508,48,3,170838,1,2,0.165,4.4,low,0
TR00386,770,0.408,1.237,53532,48,12,36666,0,3,0.192,2.1,low,0
TR00387,811,0.448,0.936,20793,72,12,42054,1,1,0.056,9.3,medium,0
TR00388,665,0.205,0.821,6529,60,2,134988,0,4,0.153,14.0,medium,0
TR00389,575,0.215,1.309,34528,60,11,25272,1,0,0.119,7.4,low,1
TR00390,558,0.433,0.759,36011,72,15,100605,0,2,0.111,1.5,low,0
TR00391,563,0.297,0.915,21601,60,3,137880,1,2,0.089,0.0,low,1
TR00392,646,0.158,0.739,31190,36,13,195681,0,1,0.178,8.3,medium,0
TR00393,645,0.556,0.606,43729,72,4,114068,0,3,0.03,5.0,medium,0
TR00394,766,0.34,0.682,61706,84,8,76816,1,2,0.211,4.3,low,0
TR00395,753,0.254,1.209,67718,48,9,58776,0,1,0.152,8.0,low,0
TR00396,803,0.367,1.05,33632,48,8,47124,0,1,0.135,5.7,medium,0
TR00397,739,0.399,0.718,26138,36,15,120497,1,2,0.242,10.8,low,0
TR00398,603,0.3,1.245,61190,48,11,95664,2,3,0.035,5.4,low,1
TR00399,791,0.37,0.786,65342,72,8,139092,0,1,0.163,12.9,low,0
TR00400,540,0.34,0.963,49634,48,7,162829,0,1,0.327,3.8,medium,1
TR00401,615,0.362,0.811,57013,84,14,122208,2,2,0.07,0.0,low,0
TR00402,532,0.367,1.159,35739,72,10,189300,0,3,0.105,6.9,low,1
TR00403,721,0.413,0.853,42379,60,3,69681,0,3,0.052,15.9,low,1
TR00404,823,0.321,0.825,17919,60,2,81343,1,3,0.082,7.7,low,0
TR00405,745,0.326,1.027,42279,72,3,185533,0,0,0.081,3.8,low,0
TR00406,545,0.303,0.758,47730,60,9,108965,0,1,0.241,6.5,medium,1
TR00407,691,0.313,0.789,14930,84,2,86985,0,0,0.082,2.8,medium,0
TR00408,719,0.353,0.95,34764,36,8,190019,0,5,0.0,0.9,high,0
TR00409,816,0.084,1.095,27958,84,13,34015,0,0,0.17,4.4,medium,0
TR00410,791,0.383,1.329,29382,60,11,60509,0,1,0.076,8.8,medium,0
TR00411,712,0.308,0.909,64346,36,12,130587,0,2,0.339,3.1,low,0
TR00412,701,0.394,1.141,31441,36,7,51390,0,2,0.124,1.5,medium,0
TR00413,639,0.533,1.19,13977,84,15,176497,1,2,0.146,9.0,low,1
TR00414,604,0.342,0.932,53154,48,13,27142,0,3,0.179,6.1,low,1
TR00415,689,0.145,0.756,61253,48,0,85404,0,1,0.168,0.0,medium,0
TR00416,694,0.417,1.044,39213,48,0,86445,1,2,0.192,4.4,high,0
TR00417,588,0.311,0.756,54595,72,6,55392,1,1,0.274,8.2,low,0
TR00418,717,0.435,1.035,56846,36,6,174996,0,0,0.16,8.2,medium,1
TR00419,557,0.237,1.154,20496,36,11,34854,0,1,0.198,6.3,medium,1
TR00420,771,0.26,0.839,48077,48,4,61538,0,8,0.2,16.4,high,0
TR00421,671,0.507,0.905,5471,60,11,42481,0,1,0.138,0.0,medium,0
TR00422,793,0.182,0.867,35134,84,1,79352,0,1,0.103,1.9,high,0
TR00423,622,0.426,0.942,31081,72,2,29020,0,1,0.112,7.9,low,1
TR00424,527,0.196,1.038,16611,72,8,54372,0,1,0.182,0.0,low,1
TR00425,627,0.313,1.067,49654,36,7,90252,1,5,0.007,7.9,low,1
TR00426,585,0.331,0.86,16924,84,1,39710,0,2,0.211,7.0,low,1
TR00427,617,0.277,0.878,34703,36,15,66557,0,3,0.0,6.5,low,1
TR00428,536,0.166,1.011,44824,36,14,56633,0,2,0.213,15.1,medium,1
TR00429,728,0.375,1.221,50548,72,0,33777,0,1,0.106,10.1,medium,0
TR00430,727,0.261,0.684,42490,36,6,68787,1,2,0.157,6.8,low,0
TR00431,724,0.431,1.044,45577,48,9,171259,0,2,0.003,4.5,high,1
TR00432,703,0.384,0.769,11267,60,9,169017,0,4,0.0,0.0,low,0
TR00433,675,0.356,1.148,59747,48,12,22274,0,0,0.126,5.9,medium,1
TR00434,602,0.417,0.76,59720,36,14,132259,0,1,0.256,4.4,low,0
TR00435,735,0.295,0.769,43858,60,9,58165,1,1,0.0,9.3,medium,0
TR00436,628,0.213,1.089,52468,84,11,111587,2,2,0.032,3.2,medium,0
TR00437,542,0.404,0.987,66444,36,6,140070,0,1,0.106,4.1,medium,0
TR00438,559,0.497,0.97,34045,60,6,95166,1,1,0.09,3.2,low,1
TR00439,634,0.302,0.818,48115,36,12,191300,0,2,0.167,2.2,low,0
TR00440,558,0.239,0.683,11340,60,14,98815,0,1,0.0,4.4,medium,1
TR00441,537,0.387,1.08,28562,60,9,56170,1,2,0.153,7.1,low,1
TR00442,594,0.357,1.042,43270,72,5,135828,0,2,0.127,4.8,low,0
TR00443,814,0.222,1.028,32196,48,6,89661,1,1,0.164,7.2,low,0
TR00444,544,0.24,0.885,44244,60,14,37897,3,1,0.148,2.2,low,0
TR00445,576,0.39,0.916,19146,36,10,90415,0,0,0.044,8.6,high,1
TR00446,809,0.267,1.006,53615,72,14,159509,2,0,0.068,12.4,low,0
TR00447,781,0.508,1.05,28837,36,10,97562,0,2,0.029,0.7,medium,0
TR00448,540,0.523,1.026,37950,84,3,107280,1,1,0.133,7.3,low,1
TR00449,723,0.393,0.548,66695,48,5,158987,2,0,0.095,0.0,high,0
TR00450,548,0.355,0.878,49997,48,8,196108,1,1,0.056,9.9,low,1
TR00451,652,0.228,0.865,25056,36,1,43320,1,0,0.103,0.0,low,1
TR00452,529,0.415,1.089,64801,36,5,78010,0,3,0.109,13.5,low,0
TR00453,700,0.197,0.905,32794,48,7,120880,1,1,0.219,8.9,medium,0
TR00454,708,0.328,0.898,28314,36,7,176294,1,1,0.01,1.4,high,0
TR00455,800,0.485,0.922,69254,36,1,32253,0,1,0.138,3.4,low,0
TR00456,639,0.285,1.191,17415,48,6,194211,0,5,0.079,5.9,low,1
TR00457,800,0.296,0.927,22914,84,4,59660,0,3,0.285,0.1,low,0
TR00458,778,0.467,0.732,24643,36,3,91650,0,1,0.064,8.5,high,0
TR00459,669,0.354,0.515,41673,84,7,156887,2,2,0.088,0.0,medium,1
TR00460,708,0.264,0.759,69216,84,1,185759,0,3,0.322,10.6,low,0
TR00461,598,0.413,1.028,53935,48,6,189257,0,2,0.168,1.8,low,1
TR00462,611,0.673,1.032,33539,84,4,25724,1,2,0.193,8.3,low,1
TR00463,669,0.422,0.938,39844,72,0,165534,0,1,0.155,9.0,high,0
TR00464,709,0.395,0.754,24893,60,12,187672,0,1,0.117,9.3,medium,0
TR00465,640,0.308,1.076,63636,60,3,32429,0,1,0.086,9.2,high,0
TR00466,589,0.315,0.926,25693,48,4,25691,0,1,0.188,4.9,low,0
TR00467,609,0.501,1.126,5426,60,1,56764,1,0,0.113,7.6,high,1
TR00468,556,0.363,1.175,48615,36,8,35024,0,2,0.24,2.9,low,1
TR00469,594,0.388,0.969,56296,84,7,64579,1,4,0.156,8.0,high,1
TR00470,522,0.333,1.089,30866,72,10,185239,2,0,0.023,7.8,low,1
TR00471,539,0.149,1.037,7381,72,12,199320,0,3,0.178,7.5,medium,0
TR00472,666,0.237,1.148,23417,84,14,41580,0,3,0.075,10.9,medium,0
TR00473,790,0.155,0.946,32552,84,4,91708,0,0,0.162,3.6,low,0
TR00474,653,0.371,0.915,28429,36,7,145315,1,2,0.1,13.7,medium,0
TR00475,777,0.278,0.896,48044,84,7,112048,1,4,0.0,3.4,low,0
TR00476,565,0.326,0.613,36251,48,5,123025,0,1,0.0,9.8,low,0
TR00477,640,0.141,0.888,52768,84,7,81881,0,1,0.101,3.4,medium,0
TR00478,704,0.231,0.76,55039,60,4,35155,2,0,0.027,6.5,medium,1
TR00479,567,0.248,1.005,48387,72,8,69920,0,3,0.148,5.6,low,0
TR00480,791,0.59,1.15,50155,48,1,64862,0,2,0.167,2.2,high,0
TR00481,587,0.329,0.987,40968,36,7,144340,0,3,0.298,3.7,low,0
TR00482,651,0.434,0.905,27424,36,6,141087,1,0,0.096,6.4,medium,1
TR00483,675,0.399,0.8,17830,84,8,194938,1,1,0.037,7.1,medium,0
TR00484,795,0.225,0.881,48626,48,15,85768,1,1,0.0,6.0,medium,0
TR00485,539,0.37,0.867,31532,48,6,163913,0,2,0.102,3.0,medium,0
TR00486,563,0.291,0.965,51178,72,13,84081,0,3,0.035,7.0,low,0
TR00487,702,0.21,1.141,20152,48,10,51358,1,1,0.271,9.7,low,0
TR00488,758,0.235,1.171,57710,48,9,122614,0,0,0.105,2.9,low,0
TR00489,821,0.369,1.061,48340,72,13,123590,0,2,0.163,2.0,low,0
TR00490,607,0.395,0.809,59825,84,8,110853,0,2,0.051,4.0,low,1
TR00491,540,0.33,0.876,50190,36,13,23284,1,1,0.174,1.5,medium,1
TR00492,549,0.354,0.841,61184,72,13,153447,0,1,0.181,3.3,medium,1
TR00493,577,0.3,0.862,54622,36,12,82496,0,2,0.205,11.3,medium,0
TR00494,673,0.413,0.83,13724,60,13,56246,0,1,0.012,14.2,medium,0
TR00495,647,0.371,0.793,9872,72,14,129676,0,1,0.307,2.9,low,0
TR00496,736,0.307,0.909,23335,48,13,96820,1,0,0.159,1.7,low,0
TR00497,673,0.395,0.733,15074,72,4,110305,0,0,0.244,6.5,medium,0
TR00498,580,0.357,0.591,61909,60,1,174912,0,3,0.185,7.6,low,0
TR00499,604,0.216,0.611,57968,48,2,142327,0,1,0.161,5.4,medium,0
TR00500,801,0.337,1.362,14065,72,8,38184,0,3,0.221,2.2,high,1
TR00501,598,0.243,1.038,42334,48,8,193972,0,4,0.133,5.2,medium,1
TR00502,761,0.191,1.045,53591,72,2,199200,1,2,0.174,6.0,low,0
TR00503,536,0.379,1.033,43309,60,13,121066,0,1,0.165,8.8,medium,0
TR00504,732,0.31,0.786,27801,48,5,31534,0,2,0.145,1.3,low,0
TR00505,543,0.36,1.17,30474,84,9,21231,1,2,0.114,7.0,low,1
TR00506,772,0.26,0.801,45156,48,5,99389,1,2,0.188,5.7,medium,0
TR00507,561,0.223,0.912,42526,60,13,138372,0,1,0.183,7.8,medium,0
TR00508,627,0.268,0.837,39370,84,10,156290,1,3,0.236,6.2,low,0
TR00509,718,0.593,1.086,36090,72,10,199226,1,3,0.0,1.3,medium,1
TR00510,739,0.304,0.702,22702,36,14,175668,1,2,0.006,5.7,medium,0
TR00511,523,0.275,1.004,16004,36,15,92078,1,1,0.144,4.6,medium,0
TR00512,556,0.373,0.885,57902,48,0,138731,2,1,0.145,9.0,medium,1
TR00513,682,0.331,0.858,58743,60,0,153583,1,1,0.085,5.9,medium,0
TR00514,670,0.303,0.867,42357,36,8,40664,0,4,0.064,9.5,high,0
TR00515,828,0.275,0.693,43294,84,7,92421,0,3,0.294,6.9,low,0
TR00516,533,0.342,0.651,51629,48,13,64398,0,1,0.075,4.6,low,0
TR00517,528,0.36,1.067,12595,36,1,174523,0,1,0.0,7.9,medium,1
TR00518,811,0.367,1.058,13002,72,5,36839,0,3,0.136,8.6,medium,0
TR00519,610,0.463,0.591,31803,36,15,59172,0,1,0.12,3.6,low,0
TR00520,584,0.417,0.996,57113,48,7,60578,1,2,0.102,7.6,high,1
TR00521,657,0.207,0.896,45308,48,6,143728,1,2,0.135,9.9,medium,0
TR00522,790,0.464,1.017,37482,36,15,165397,0,2,0.1,3.6,medium,0
TR00523,646,0.222,0.994,65192,60,7,88213,0,1,0.238,8.3,medium,0
TR00524,582,0.443,1.116,27163,72,4,145360,0,1,0.202,4.9,low,1
TR00525,594,0.231,1.056,52943,84,6,27840,0,1,0.001,4.5,low,1
TR00526,551,0.411,0.665,62390,60,13,137233,0,1,0.265,8.4,high,0
TR00527,543,0.328,1.128,59252,48,14,40901,1,4,0.112,8.1,medium,0
TR00528,554,0.241,0.552,48720,60,13,104548,0,2,0.13,0.0,medium,0
TR00529,762,0.524,0.985,46982,60,2,81305,0,3,0.098,9.0,low,0
TR00530,589,0.275,0.765,22817,60,0,68177,0,2,0.106,10.0,low,1
TR00531,530,0.562,0.929,31641,84,6,134781,1,1,0.061,6.8,low,1
TR00532,699,0.484,1.06,40758,48,5,106443,2,0,0.216,4.9,low,1
TR00533,702,0.405,1.076,56156,36,12,150165,0,2,0.161,0.0,high,1
TR00534,667,0.213,1.092,30196,60,1,86016,1,5,0.16,9.8,medium,0
TR00535,623,0.258,0.943,35065,72,8,175141,1,5,0.049,5.2,low,1
TR00536,543,0.265,0.838,55738,48,3,95864,0,0,0.129,11.5,low,1
TR00537,778,0.14,0.958,69675,72,12,116831,0,0,0.214,2.6,low,0
TR00538,575,0.301,0.779,9960,72,8,25106,0,3,0.092,5.5,medium,0
TR00539,717,0.362,1.301,65331,72,1,54605,0,2,0.088,13.2,medium,0
TR00540,786,0.426,0.848,61971,36,0,178628,0,0,0.054,0.0,medium,0
TR00541,788,0.403,0.729,42542,36,15,193299,1,3,0.046,0.0,high,0
TR00542,530,0.452,1.017,64648,36,1,197729,0,0,0.221,6.1,medium,1
TR00543,577,0.406,0.762,61769,72,15,138378,1,1,0.11,8.5,low,0
TR00544,673,0.274,0.735,28079,36,4,23465,1,3,0.0,8.2,high,0
TR00545,682,0.194,1.113,41987,72,0,91747,0,2,0.158,7.0,high,0
TR00546,773,0.419,1.02,35112,36,3,24080,0,1,0.101,7.8,medium,0
TR00547,541,0.271,0.973,27194,60,14,178669,1,3,0.241,1.3,low,0
TR00548,689,0.376,0.924,13349,84,7,93876,1,4,0.089,2.3,medium,0
TR00549,791,0.302,0.859,44691,48,5,181167,1,3,0.028,4.8,medium,0
TR00550,678,0.554,0.864,53144,84,6,123923,0,0,0.02,6.2,high,1
TR00551,661,0.532,0.957,9453,72,0,75218,0,2,0.19,10.6,low,0
TR00552,537,0.321,0.944,11759,48,3,164118,0,1,0.166,9.5,medium,0
TR00553,623,0.266,0.92,11149,48,14,151462,0,1,0.184,0.0,medium,0
TR00554,720,0.375,0.93,56157,60,8,169256,0,2,0.153,3.3,low,1
TR00555,531,0.281,0.686,66224,84,11,159651,2,4,0.099,5.8,medium,1
TR00556,595,0.515,1.211,14943,48,1,97540,1,1,0.032,1.9,medium,1
TR00557,694,0.18,1.054,56129,84,15,174641,2,2,0.314,4.9,high,0
TR00558,794,0.311,0.9,8160,72,12,163841,0,2,0.117,2.8,low,0
TR00559,712,0.512,1.092,24798,48,15,90379,0,2,0.118,5.2,low,0
TR00560,551,0.303,0.811,36405,72,8,83321,0,1,0.111,7.8,high,0
TR00561,554,0.193,0.799,44243,84,5,75327,0,2,0.195,7.8,medium,1
TR00562,521,0.376,0.98,57980,84,6,40721,2,2,0.02,1.3,low,0
TR00563,697,0.449,0.881,52226,60,12,75347,0,1,0.0,3.7,medium,0
TR00564,710,0.321,1.109,10803,48,12,75339,1,1,0.248,8.0,low,0
TR00565,580,0.41,0.994,16532,36,15,137818,1,3,0.258,7.9,low,0
TR00566,540,0.292,1.183,19663,36,14,122510,0,1,0.14,6.3,low,1
TR00567,605,0.482,0.833,18766,48,11,51003,0,7,0.044,2.8,low,1
TR00568,711,0.254,0.669,69358,36,3,31391,2,0,0.173,4.6,low,0
TR00569,646,0.302,1.177,16096,48,10,37382,0,1,0.222,8.3,medium,0
TR00570,774,0.225,1.031,33828,84,0,28620,1,2,0.003,4.3,low,0
TR00571,642,0.401,0.975,45303,60,3,92813,0,0,0.203,0.0,medium,0
TR00572,667,0.238,0.977,61697,48,6,163435,1,1,0.295,11.1,high,0
TR00573,765,0.302,1.4,9702,72,1,131676,1,1,0.241,6.9,high,1
TR00574,774,0.311,0.938,24447,60,9,99583,0,2,0.165,13.5,medium,0
TR00575,718,0.373,1.072,39394,72,12,50146,2,1,0.133,0.0,medium,1
TR00576,672,0.274,0.881,33052,48,14,120133,1,1,0.16,0.0,low,0
TR00577,644,0.435,1.13,28685,60,1,193607,0,3,0.1,2.2,high,1
TR00578,664,0.397,0.825,10798,36,12,61746,0,0,0.305,6.2,high,1
TR00579,548,0.472,0.96,35498,60,15,48604,0,2,0.126,5.8,medium,1
TR00580,535,0.444,1.023,6357,84,7,104474,0,1,0.19,8.7,low,1
TR00581,805,0.174,0.959,29446,84,5,52514,1,4,0.241,0.0,low,0
TR00582,729,0.497,0.897,5746,72,11,39560,1,0,0.175,9.1,medium,1
TR00583,634,0.504,0.976,37444,72,9,65004,1,2,0.226,11.6,low,1
TR00584,677,0.381,1.086,5271,72,11,161449,0,1,0.0,7.0,medium,0
TR00585,545,0.3,1.003,60174,60,7,34446,0,1,0.056,1.3,high,0
TR00586,714,0.325,0.728,52058,36,15,132864,0,1,0.182,1.2,low,0
TR00587,776,0.22,0.887,52526,48,5,107279,0,3,0.068,5.5,medium,1
TR00588,606,0.22,0.862,35760,72,2,148893,0,2,0.054,5.8,medium,1
TR00589,645,0.387,1.042,35406,84,9,148148,1,1,0.0,6.0,low,1
TR00590,569,0.5,0.728,42722,84,14,123821,1,2,0.022,6.0,high,1
TR00591,521,0.438,1.033,8753,48,3,161104,3,5,0.0,6.9,high,1
TR00592,553,0.332,0.909,56097,60,4,119848,1,1,0.161,5.6,low,1
TR00593,783,0.342,1.081,8851,60,15,32437,2,1,0.042,10.5,medium,1
TR00594,536,0.336,0.755,66353,60,1,163454,2,1,0.089,15.4,medium,1
TR00595,535,0.284,0.803,31040,72,11,175434,2,2,0.168,6.6,high,1
TR00596,595,0.303,1.019,44138,84,3,156641,1,2,0.197,3.2,low,1
TR00597,701,0.45,0.915,31131,60,8,195373,0,1,0.169,5.7,medium,0
TR00598,636,0.443,0.983,24725,60,15,59242,2,3,0.238,10.1,low,0
TR00599,540,0.124,1.298,13293,84,10,137462,1,1,0.237,6.2,high,1
TR00600,606,0.415,0.866,29079,72,2,21492,0,4,0.037,11.7,low,1
TR00601,707,0.306,0.679,63539,36,2,47125,1,4,0.179,3.2,medium,0
TR00602,723,0.299,0.995,25721,60,11,94002,1,0,0.153,5.8,medium,0
TR00603,656,0.297,0.622,48124,48,8,84358,1,3,0.143,5.5,medium,0
TR00604,532,0.464,0.897,18875,84,5,37466,2,3,0.222,5.2,low,1
TR00605,563,0.316,1.083,46454,36,0,93177,0,0,0.039,10.2,low,1
TR00606,585,0.414,1.081,58613,84,4,54700,3,3,0.175,0.9,medium,1
TR00607,754,0.446,1.127,30967,84,13,183017,0,2,0.19,1.0,medium,0
TR00608,561,0.209,0.99,9466,36,13,30451,0,2,0.164,8.1,high,1
TR00609,741,0.351,1.066,61179,72,3,67392,0,0,0.163,11.6,low,0
TR00610,598,0.121,1.114,12064,48,11,64271,1,1,0.112,7.0,low,1
TR00611,800,0.365,0.901,17543,84,15,71596,0,1,0.22,5.2,medium,0
TR00612,682,0.203,0.776,31805,48,1,100740,1,2,0.154,11.9,high,0
TR00613,703,0.355,1.083,15598,60,13,124964,0,6,0.228,4.5,high,0
TR00614,779,0.13,1.187,69309,72,9,169290,0,2,0.017,4.2,low,0
TR00615,767,0.22,1.064,46774,48,0,117543,1,1,0.154,7.4,low,0
TR00616,525,0.573,1.171,17701,72,2,74725,1,3,0.105,13.6,medium,1
TR00617,695,0.435,0.797,13582,72,14,52315,0,3,0.089,5.3,high,1
TR00618,785,0.157,1.044,68388,84,15,97484,1,3,0.122,0.0,low,0
TR00619,633,0.301,0.943,17924,36,10,98212,0,1,0.221,0.0,high,1
TR00620,817,0.33,0.835,67878,84,1,154115,0,1,0.088,7.9,high,0
TR00621,799,0.251,1.021,9579,48,4,108723,1,2,0.089,11.8,low,0
TR00622,814,0.368,0.857,31058,84,14,111972,1,2,0.174,5.8,medium,0
TR00623,613,0.32,1.055,59015,60,5,56223,0,0,0.135,4.3,medium,0
TR00624,790,0.428,1.004,32069,36,11,130877,0,4,0.113,0.9,low,0
TR00625,617,0.21,1.154,11411,36,7,34256,1,2,0.172,1.7,low,1
TR00626,580,0.267,0.838,69270,84,6,90565,0,1,0.115,4.9,low,0
TR00627,808,0.345,0.886,68927,60,3,45313,0,2,0.092,0.0,low,0
TR00628,739,0.364,1.025,50862,60,15,38132,0,1,0.215,7.9,medium,1
TR00629,534,0.31,0.632,47124,84,9,98554,1,1,0.0,8.6,low,1
TR00630,528,0.376,0.965,5184,72,5,168114,0,6,0.016,5.0,low,1
TR00631,805,0.256,0.952,34438,84,1,199117,2,0,0.165,10.5,medium,0
TR00632,535,0.232,1.16,34891,60,6,120849,1,1,0.028,4.7,high,1
TR00633,531,0.375,0.97,53410,48,6,165589,1,4,0.151,3.6,medium,1
TR00634,766,0.428,0.762,67425,36,15,165531,0,2,0.304,0.6,low,0
TR00635,531,0.281,1.001,60818,48,0,90193,1,2,0.114,8.7,medium,0
TR00636,552,0.42,0.814,51748,48,4,176926,0,2,0.203,0.2,medium,0
TR00637,766,0.539,1.147,26168,48,14,133025,0,2,0.1,9.3,low,0
TR00638,619,0.347,0.756,9350,84,12,99800,1,0,0.101,13.8,medium,0
TR00639,626,0.141,0.949,20608,60,15,99251,0,2,0.0,14.2,medium,0
TR00640,817,0.451,0.854,30033,72,13,129815,0,3,0.099,7.6,low,0
TR00641,730,0.287,0.958,45614,84,13,64008,0,4,0.012,2.0,medium,0
TR00642,671,0.326,0.759,9425,36,5,127131,2,6,0.156,2.3,high,1
TR00643,667,0.341,0.747,53494,36,9,196593,0,5,0.186,7.0,low,0
TR00644,628,0.227,0.939,49797,72,10,21260,0,0,0.2,6.1,medium,0
TR00645,755,0.509,0.877,48713,60,1,166277,1,0,0.232,1.4,high,1
TR00646,540,0.439,0.942,50105,84,0,134903,2,1,0.206,7.1,low,1
TR00647,669,0.316,0.861,53803,84,3,64045,0,2,0.19,10.6,low,0
TR00648,693,0.255,1.068,69157,84,12,69865,1,0,0.263,3.0,low,0
TR00649,590,0.189,1.11,55697,84,15,26230,0,1,0.099,16.2,low,0
TR00650,532,0.453,0.903,28792,84,2,36633,0,4,0.072,0.0,medium,0
TR00651,734,0.395,1.075,18291,60,5,27946,0,2,0.088,5.3,low,0
TR00652,598,0.329,0.801,16918,48,2,83795,0,3,0.169,6.8,low,0
TR00653,817,0.404,0.773,11141,60,6,180678,0,2,0.146,7.4,low,0
TR00654,686,0.244,1.134,46934,84,5,141632,0,3,0.203,8.5,medium,0
TR00655,525,0.372,0.824,29200,72,7,146181,1,1,0.17,9.0,low,1
TR00656,549,0.299,1.169,55200,48,2,151655,0,0,0.016,3.0,low,0
TR00657,657,0.452,0.987,45192,48,1,162434,0,0,0.108,5.6,low,0
TR00658,804,0.376,1.06,68753,84,14,81134,0,3,0.118,8.7,low,0
TR00659,721,0.327,0.877,32182,72,7,83191,1,2,0.0,3.9,medium,1
TR00660,712,0.366,1.091,23885,72,11,62759,0,1,0.221,4.1,low,1
TR00661,702,0.139,0.98,22977,48,4,74210,2,3,0.23,8.9,low,0
TR00662,635,0.242,0.963,53123,72,11,134922,0,1,0.189,10.4,high,0
TR00663,654,0.272,0.954,21559,48,11,83052,0,0,0.09,0.0,medium,0
TR00664,649,0.349,0.891,57951,84,12,116329,0,2,0.056,9.0,medium,1
TR00665,802,0.617,0.581,37622,60,14,109952,1,4,0.222,3.0,medium,0
TR00666,553,0.405,0.92,29357,60,9,82377,2,5,0.109,6.6,low,1
TR00667,812,0.345,1.068,10599,60,13,92229,1,2,0.177,11.6,medium,0
TR00668,551,0.433,1.221,35250,36,6,131968,1,3,0.222,5.8,low,0
TR00669,688,0.456,0.856,56990,36,10,185110,0,2,0.116,6.5,low,0
TR00670,702,0.346,1.09,31350,36,12,164973,0,1,0.053,4.6,low,1
TR00671,559,0.366,0.953,20704,60,14,177019,1,6,0.126,9.5,medium,1
TR00672,538,0.221,0.635,50837,72,4,193979,3,0,0.061,0.0,low,1
TR00673,806,0.467,1.091,26877,72,7,106700,1,1,0.144,5.3,low,0
TR00674,771,0.256,1.008,23771,72,2,108700,3,3,0.173,4.8,medium,0
TR00675,601,0.281,0.792,42058,84,11,189636,2,0,0.167,8.9,medium,0
TR00676,789,0.429,0.992,63600,60,10,55526,0,7,0.156,3.6,low,0
TR00677,786,0.336,0.685,42692,60,14,90395,1,3,0.016,8.4,low,0
TR00678,721,0.247,0.8,7320,72,13,67551,0,1,0.0,2.6,medium,0
TR00679,791,0.27,1.046,32194,36,14,48831,0,1,0.0,2.8,medium,0
TR00680,677,0.273,1.029,62159,72,15,148554,1,1,0.196,7.8,low,1
TR00681,656,0.287,1.007,34343,48,7,127834,0,2,0.132,4.9,low,1
TR00682,732,0.319,0.818,37976,72,8,128427,1,1,0.088,7.9,medium,1
TR00683,685,0.299,1.075,56634,48,3,47301,0,2,0.2,6.9,low,0
TR00684,688,0.177,1.002,67525,84,13,186162,0,4,0.144,0.0,low,0
TR00685,714,0.281,0.816,11281,72,6,136130,0,2,0.199,8.5,medium,0
TR00686,746,0.299,0.756,15296,84,4,28186,2,4,0.001,7.5,high,0
TR00687,544,0.316,1.109,25900,48,2,145995,0,0,0.151,9.2,medium,0
TR00688,557,0.398,1.297,40382,60,8,59750,1,2,0.0,12.2,high,1
TR00689,682,0.247,0.851,40228,84,14,104911,0,0,0.16,2.8,medium,0
TR00690,638,0.41,1.148,69902,48,0,65686,0,0,0.052,7.3,low,0
TR00691,668,0.294,1.048,15984,36,1,107663,2,3,0.243,0.5,medium,0
TR00692,575,0.485,0.95,27616,72,0,34201,1,0,0.181,11.7,medium,1
TR00693,692,0.432,1.124,52992,72,8,29569,2,4,0.299,0.4,low,0
TR00694,784,0.28,1.036,44454,36,15,54534,0,1,0.028,7.9,medium,0
TR00695,693,0.333,1.038,29795,84,9,54168,1,5,0.072,4.5,low,1
TR00696,749,0.164,0.984,33519,36,1,96941,0,2,0.076,0.8,low,0
TR00697,808,0.333,0.747,23379,84,7,121376,0,2,0.23,9.2,high,0
TR00698,562,0.514,0.677,67627,72,10,95941,0,1,0.183,8.9,low,0
TR00699,654,0.529,1.011,60938,84,9,31854,0,1,0.039,8.3,medium,1
TR00700,597,0.455,0.731,44813,72,11,51784,2,3,0.182,6.7,low,0
TR00701,752,0.445,0.976,41647,84,10,194866,0,3,0.165,8.1,high,1
TR00702,775,0.518,0.683,6163,84,13,25943,2,0,0.061,4.0,medium,1
TR00703,622,0.363,1.116,65132,60,5,104782,1,2,0.029,9.9,high,1
TR00704,702,0.412,1.032,28695,60,14,49494,0,2,0.116,7.8,low,0
TR00705,783,0.241,0.713,34314,36,10,37264,0,1,0.022,5.8,medium,0
TR00706,636,0.442,0.904,67782,84,12,131165,1,1,0.009,6.2,low,1
TR00707,747,0.172,0.843,8990,60,4,131122,0,0,0.266,7.1,medium,0
TR00708,747,0.319,0.79,63116,48,10,100474,1,3,0.17,11.1,low,0
TR00709,674,0.227,1.387,8618,72,7,157729,0,2,0.0,9.6,medium,1
TR00710,765,0.498,0.986,10252,60,4,156280,2,1,0.109,9.5,low,1
TR00711,804,0.267,0.94,28406,60,9,33132,2,2,0.295,3.5,low,0
TR00712,807,0.287,0.936,16447,84,0,63873,0,2,0.08,5.4,medium,0
TR00713,574,0.325,0.979,21272,36,11,113205,1,2,0.09,7.8,medium,0
TR00714,668,0.275,1.127,43825,36,1,159192,0,4,0.237,4.5,low,0
TR00715,541,0.253,1.006,61489,60,3,26221,0,4,0.094,4.4,low,1
TR00716,658,0.338,0.869,48359,36,0,40945,0,1,0.173,7.3,low,0
TR00717,572,0.319,1.114,66948,72,2,61067,0,3,0.292,13.6,low,1
TR00718,565,0.16,0.794,16707,48,10,148936,1,0,0.251,8.5,high,0
TR00719,817,0.346,1.121,59857,36,10,180901,0,1,0.042,9.5,medium,0
TR00720,630,0.302,0.75,51546,36,6,56652,0,2,0.124,5.2,low,0
TR00721,760,0.263,1.12,39498,72,10,143962,0,2,0.1,8.3,low,0
TR00722,644,0.459,1.094,38029,72,4,25810,1,1,0.061,4.7,medium,0
TR00723,743,0.522,0.872,68195,36,15,180457,0,1,0.133,0.0,low,0
TR00724,638,0.44,1.001,5743,48,12,91210,0,0,0.086,0.7,low,1
TR00725,764,0.314,0.888,11575,36,4,152078,1,1,0.066,5.7,medium,0
TR00726,692,0.334,0.99,58220,60,8,138975,3,1,0.163,3.6,medium,1
TR00727,625,0.416,1.02,49106,36,14,148144,0,1,0.25,0.0,low,1
TR00728,530,0.328,0.939,51556,36,1,35372,1,3,0.054,2.8,low,1
TR00729,829,0.251,0.628,69175,60,14,143779,2,2,0.111,4.5,low,0
TR00730,638,0.262,0.804,27520,84,9,164765,1,3,0.234,6.4,medium,0
TR00731,767,0.429,0.763,10134,36,2,147724,0,1,0.24,15.8,medium,0
TR00732,694,0.218,0.963,63444,36,12,52805,0,3,0.248,1.1,low,0
TR00733,772,0.257,0.935,42264,84,1,107434,1,3,0.047,8.3,low,0
TR00734,560,0.364,1.05,69370,48,3,147323,1,2,0.247,0.0,low,0
TR00735,729,0.229,0.716,21885,36,1,91340,1,4,0.068,6.2,medium,0
TR00736,535,0.513,1.024,47841,72,2,146535,1,0,0.094,7.2,medium,1
TR00737,689,0.229,0.969,43356,48,14,25492,1,0,0.0,11.1,high,0
TR00738,805,0.234,0.944,20626,72,8,161829,0,1,0.144,4.5,low,0
TR00739,694,0.364,1.103,11493,48,3,146298,0,4,0.206,1.1,medium,0
TR00740,639,0.386,0.955,6509,36,4,184515,0,0,0.129,0.5,medium,1
TR00741,581,0.254,1.089,33415,48,14,51069,0,4,0.198,8.5,medium,1
TR00742,679,0.303,0.822,43361,36,10,116156,0,2,0.129,12.8,low,0
TR00743,640,0.477,0.792,53849,60,15,49831,1,2,0.146,15.0,low,0
TR00744,556,0.168,1.063,54614,84,11,158511,1,1,0.016,11.8,medium,0
TR00745,735,0.447,1.063,59510,72,12,48679,1,2,0.21,1.5,medium,1
TR00746,756,0.441,0.79,10238,36,1,40548,1,1,0.037,0.8,medium,0
TR00747,799,0.494,0.997,54729,84,10,31638,2,3,0.168,12.0,medium,0
TR00748,547,0.141,0.894,19932,48,11,123693,2,1,0.118,7.1,medium,1
TR00749,598,0.418,1.231,10957,36,5,117911,0,1,0.208,2.0,low,0
TR00750,804,0.345,0.903,17996,84,7,153397,2,0,0.118,9.3,low,0
TR00751,542,0.472,1.059,64635,60,5,198822,0,2,0.162,7.5,low,0
TR00752,629,0.374,0.824,30297,60,7,150127,1,1,0.06,13.1,low,0
TR00753,691,0.39,0.845,35515,72,13,129754,1,2,0.0,5.0,low,0
TR00754,803,0.492,1.033,19586,48,1,126275,1,2,0.186,2.1,high,0
TR00755,588,0.436,1.085,44066,48,9,102067,0,2,0.211,2.5,low,1
TR00756,595,0.216,0.64,34317,84,15,79535,0,0,0.2,5.2,low,0
TR00757,675,0.281,0.968,21350,60,8,91256,1,1,0.129,4.9,high,0
TR00758,681,0.223,1.163,6298,36,8,77095,1,3,0.118,7.4,high,1
TR00759,780,0.357,0.869,26374,60,5,24847,1,1,0.2,6.9,medium,0
TR00760,543,0.398,1.215,69473,60,15,69420,1,0,0.147,7.5,high,1
TR00761,631,0.261,0.787,39143,84,6,185962,2,3,0.267,6.8,low,0
TR00762,530,0.164,0.878,43019,84,9,152630,1,3,0.091,7.2,medium,0
TR00763,764,0.398,1.302,44498,48,7,39725,1,1,0.189,5.5,low,0
TR00764,686,0.279,0.547,47815,84,7,54710,0,3,0.074,6.5,medium,0
TR00765,777,0.43,0.82,30740,84,4,118092,0,0,0.083,10.9,high,0
TR00766,553,0.458,0.901,21300,60,13,91580,0,0,0.092,11.7,low,0
TR00767,580,0.296,0.752,44347,84,7,164998,0,1,0.184,3.0,high,0
TR00768,550,0.159,1.242,11615,84,2,30153,0,0,0.085,3.6,medium,0
TR00769,543,0.23,0.775,36245,48,10,41770,0,5,0.055,4.8,medium,0
TR00770,586,0.412,0.986,67438,72,2,125689,0,1,0.163,9.2,high,0
TR00771,718,0.459,0.934,13172,72,4,190116,0,0,0.0,6.5,medium,0
TR00772,673,0.279,0.983,44220,72,13,27084,0,2,0.173,3.6,medium,0
TR00773,594,0.345,0.896,20523,36,9,191868,1,2,0.217,6.0,high,1
TR00774,541,0.134,0.959,8764,84,4,49500,1,2,0.086,5.0,low,1
TR00775,544,0.349,0.728,14844,60,5,145138,2,3,0.1,0.0,medium,1
TR00776,780,0.488,1.058,48657,48,13,98511,1,2,0.267,9.9,low,1
TR00777,750,0.215,0.792,51777,84,3,72967,1,1,0.21,6.4,low,0
TR00778,589,0.446,0.811,45124,48,12,144433,1,2,0.25,5.2,low,0
TR00779,535,0.38,1.218,7000,60,13,168094,0,1,0.146,12.7,low,0
TR00780,785,0.423,0.887,37094,48,13,175254,1,3,0.093,8.4,low,0
TR00781,638,0.416,0.891,41260,72,8,88687,0,2,0.108,0.1,high,0
TR00782,713,0.35,1.016,41284,36,15,98628,0,2,0.058,8.7,high,1
TR00783,693,0.422,1.065,39048,36,9,185714,2,4,0.072,6.0,medium,0
TR00784,544,0.349,0.6,68822,60,11,44829,1,0,0.161,1.0,medium,0
TR00785,657,0.318,0.994,66434,60,12,132482,1,3,0.021,6.8,medium,1
TR00786,619,0.347,0.749,45773,36,8,59284,1,1,0.109,4.9,high,1
TR00787,592,0.207,1.04,47821,48,0,164266,0,3,0.0,6.1,low,0
TR00788,819,0.424,0.91,42753,72,12,185826,1,4,0.157,9.2,medium,0
TR00789,628,0.426,0.885,64908,48,4,69167,0,4,0.197,3.2,medium,0
TR00790,787,0.173,1.136,27475,60,11,166155,1,2,0.009,0.0,low,0
TR00791,688,0.436,1.035,33636,36,1,121668,0,1,0.229,4.5,high,0
TR00792,571,0.373,1.245,45813,72,2,84888,2,1,0.151,7.9,medium,1
TR00793,776,0.49,1.04,65554,72,2,81056,4,0,0.08,7.2,low,1
TR00794,543,0.11,0.803,56950,84,10,130697,0,2,0.173,0.0,low,0
TR00795,724,0.438,1.027,61291,84,1,159267,0,1,0.09,0.5,low,1
TR00796,794,0.391,0.918,12040,60,4,24435,0,2,0.204,5.5,low,0
TR00797,633,0.278,1.085,55384,84,2,29750,0,1,0.214,4.8,low,1
TR00798,734,0.319,0.879,67271,36,9,45970,3,3,0.194,6.2,medium,0
TR00799,767,0.241,1.4,18367,36,11,133158,0,3,0.223,6.1,medium,0
TR00800,689,0.494,1.086,36368,36,8,71819,2,1,0.059,4.1,low,1
TR00801,522,0.271,1.044,38204,84,15,151977,2,5,0.11,1.1,high,1
TR00802,735,0.348,0.902,21378,60,5,132672,2,3,0.11,3.6,low,0
TR00803,814,0.449,0.823,60033,84,11,68051,1,0,0.203,3.0,high,0
TR00804,754,0.413,1.048,13374,72,3,198709,0,1,0.0,2.0,low,0
TR00805,573,0.424,0.791,33374,48,9,151157,2,0,0.041,4.1,low,0
TR00806,603,0.316,1.017,63741,84,7,22486,1,4,0.158,4.2,low,0
TR00807,616,0.247,1.095,69540,60,15,164591,0,2,0.02,11.8,low,1
TR00808,559,0.379,0.786,17112,48,3,44868,1,2,0.174,9.2,low,0
TR00809,819,0.05,0.845,18125,60,6,77485,0,3,0.006,4.7,medium,0
TR00810,640,0.436,0.924,15387,60,7,163191,2,2,0.166,5.1,low,1
TR00811,570,0.541,0.94,62628,48,10,129762,1,1,0.199,0.7,low,1
TR00812,634,0.395,0.925,42387,84,6,116951,4,2,0.144,0.0,medium,1
TR00813,723,0.351,0.945,59924,72,10,51452,1,3,0.131,2.2,medium,0
TR00814,711,0.271,1.202,54473,48,8,128911,1,0,0.105,0.0,medium,0
TR00815,524,0.367,0.916,67703,48,6,110242,0,2,0.291,5.9,low,0
TR00816,642,0.399,1.162,16112,72,0,83841,0,1,0.103,15.8,low,1
TR00817,780,0.343,1.022,62562,72,8,49415,0,1,0.247,6.3,low,0
TR00818,604,0.272,1.112,39698,72,6,28282,2,1,0.182,0.0,medium,1
TR00819,564,0.385,0.873,57895,36,0,74388,0,3,0.106,0.7,low,1
TR00820,666,0.351,1.028,59240,48,14,77010,2,0,0.232,1.9,medium,0
TR00821,772,0.427,0.825,21014,60,12,159169,1,1,0.122,13.7,high,0
TR00822,768,0.24,0.707,34703,84,11,26968,0,3,0.19,9.6,low,0
TR00823,695,0.549,0.947,48340,48,6,140044,0,1,0.01,3.6,low,0
TR00824,795,0.17,0.762,54815,84,6,66768,0,1,0.055,10.3,low,0
TR00825,612,0.243,0.965,28425,36,12,75156,0,0,0.056,7.8,medium,0
TR00826,735,0.279,1.056,19551,36,0,130899,2,2,0.0,10.9,low,0
TR00827,577,0.283,0.923,24520,60,15,47666,0,1,0.167,7.3,low,0
TR00828,716,0.267,1.0,10795,60,0,21268,1,1,0.138,3.5,medium,0
TR00829,580,0.475,1.018,38113,36,6,83042,0,1,0.152,2.9,high,1
TR00830,585,0.468,0.798,37547,48,8,35769,0,0,0.202,1.5,high,0
TR00831,533,0.388,1.085,18629,48,7,182002,0,1,0.272,3.7,medium,1
TR00832,790,0.344,0.894,68892,36,2,20903,2,4,0.028,6.6,medium,0
TR00833,800,0.492,0.948,57998,72,0,46668,1,1,0.069,6.0,high,0
TR00834,741,0.369,1.031,18583,72,8,98581,0,0,0.039,3.3,low,0
TR00835,700,0.542,0.898,61046,60,10,21828,0,1,0.069,6.0,medium,0
TR00836,573,0.179,0.833,47884,60,9,150732,0,2,0.161,9.1,medium,0
TR00837,608,0.455,0.932,19398,60,12,88630,0,2,0.181,4.4,high,1
TR00838,812,0.429,0.75,13309,60,4,68792,0,1,0.144,7.0,low,0
TR00839,701,0.455,0.944,23431,36,10,49337,1,2,0.073,5.7,low,0
TR00840,824,0.334,1.013,32966,84,3,78379,0,3,0.076,1.3,low,0
TR00841,631,0.518,0.794,16015,84,12,63264,0,3,0.123,2.7,medium,0
TR00842,736,0.218,0.894,57116,84,14,187245,0,1,0.211,11.9,medium,0
TR00843,786,0.17,0.567,50484,60,1,195711,2,5,0.231,10.8,low,0
TR00844,620,0.307,0.797,61696,36,8,112052,1,3,0.19,3.0,low,0
TR00845,724,0.38,0.832,23776,36,13,172591,0,1,0.072,0.0,low,0
TR00846,727,0.248,1.09,61194,60,12,94966,1,0,0.109,0.0,low,0
TR00847,678,0.261,1.017,57641,60,9,154641,0,1,0.104,6.0,low,0
TR00848,810,0.31,1.006,57846,36,10,148599,0,1,0.067,8.0,medium,0
TR00849,615,0.395,0.5,53115,84,11,136014,0,2,0.188,7.3,medium,0
TR00850,552,0.328,0.991,28117,72,1,107960,0,1,0.223,5.9,high,1
TR00851,766,0.314,0.732,5175,36,8,41869,0,1,0.145,4.8,low,0
TR00852,573,0.388,0.691,24185,36,13,56429,0,1,0.056,0.6,low,0
TR00853,722,0.414,0.959,65099,72,14,137149,0,2,0.211,12.1,low,0
TR00854,780,0.318,1.22,61105,84,13,106230,1,4,0.267,0.0,high,0
TR00855,732,0.456,0.867,15370,60,5,167764,1,3,0.035,3.4,low,0
TR00856,747,0.237,1.013,44677,72,5,31170,0,0,0.0,5.1,low,0
TR00857,560,0.491,1.216,40149,72,12,127622,0,2,0.223,4.7,low,0
TR00858,779,0.303,0.853,59243,48,4,151535,3,5,0.088,8.7,low,1
TR00859,656,0.204,1.069,36464,60,1,177724,0,0,0.261,9.5,medium,0
TR00860,538,0.288,0.961,14978,36,9,67421,0,4,0.051,3.5,low,1
TR00861,648,0.235,0.907,66132,84,4,168481,2,2,0.055,10.1,low,1
TR00862,694,0.522,0.946,53981,36,13,84687,0,4,0.051,14.7,high,0
TR00863,653,0.532,0.877,35974,84,0,198814,0,2,0.142,6.7,low,1
TR00864,673,0.23,1.175,48478,72,6,173529,1,0,0.174,7.8,low,1
TR00865,552,0.429,0.886,39151,36,4,64965,1,2,0.194,8.2,low,1
TR00866,690,0.402,0.946,33139,60,2,165623,1,2,0.093,2.7,low,0
TR00867,702,0.303,0.93,52646,60,4,100027,2,3,0.16,0.0,medium,0
TR00868,764,0.242,1.144,45299,72,0,190063,2,0,0.068,2.5,low,0
TR00869,750,0.333,0.699,6426,84,13,135896,0,1,0.243,5.7,low,0
TR00870,547,0.42,0.995,34701,84,15,20514,0,4,0.091,2.5,low,1
TR00871,551,0.407,1.034,49603,36,5,111230,0,1,0.101,12.9,medium,1
TR00872,765,0.301,1.091,60922,36,4,62670,0,4,0.236,10.9,low,0
TR00873,709,0.476,0.909,67190,36,8,181734,1,3,0.151,6.0,medium,0
TR00874,657,0.255,0.774,64079,36,10,95749,0,3,0.205,2.8,high,0
TR00875,569,0.087,0.917,33106,60,11,72084,0,1,0.303,5.8,low,0
TR00876,674,0.3,0.552,32614,84,1,65822,0,2,0.137,2.7,high,0
TR00877,522,0.215,1.06,8595,60,0,195824,1,2,0.314,1.9,high,0
TR00878,658,0.38,0.975,66941,60,8,56523,2,3,0.294,10.6,low,0
TR00879,793,0.422,0.818,46766,60,15,24963,1,1,0.225,8.8,low,0
TR00880,554,0.368,0.966,66732,60,15,150725,1,1,0.139,7.3,low,0
TR00881,662,0.178,0.898,13052,48,4,82513,0,2,0.04,2.6,medium,0
TR00882,585,0.342,0.898,41672,48,3,101880,2,4,0.173,2.8,low,1
TR00883,550,0.379,1.241,5524,60,0,165454,0,0,0.0,8.8,medium,1
TR00884,571,0.369,0.626,10519,48,13,46959,0,3,0.285,0.0,medium,1
TR00885,602,0.371,0.76,40012,84,13,30351,2,0,0.132,8.4,low,1
TR00886,672,0.159,1.08,6085,84,8,90215,0,1,0.153,0.0,low,0
TR00887,734,0.365,0.782,7645,36,15,79722,0,1,0.178,5.2,low,0
TR00888,639,0.493,0.804,69260,36,3,44590,0,3,0.2,6.8,low,0
TR00889,663,0.332,1.119,26124,84,12,87025,0,3,0.152,1.0,low,0
TR00890,690,0.429,1.058,19678,84,11,131389,1,1,0.3,5.1,high,0
TR00891,759,0.486,0.681,50968,48,15,148926,0,0,0.247,2.9,low,0
TR00892,788,0.28,0.973,10695,84,1,167529,2,1,0.217,5.6,low,0
TR00893,582,0.402,0.913,57816,84,15,186596,2,5,0.147,7.7,low,1
TR00894,561,0.403,1.218,24853,84,13,135017,1,3,0.072,6.0,low,0
TR00895,796,0.347,0.944,53131,48,13,81182,0,1,0.29,8.4,low,0
TR00896,686,0.376,0.913,35504,48,15,86653,0,2,0.191,4.9,low,0
TR00897,654,0.358,0.885,61982,72,7,148804,2,1,0.222,2.8,high,1
TR00898,821,0.133,0.879,36146,48,4,119579,0,3,0.21,4.0,low,0
TR00899,778,0.318,0.949,8189,72,7,145049,1,3,0.166,4.3,medium,0
TR00900,769,0.372,0.817,49442,36,13,22497,0,3,0.205,7.1,high,0
TR00901,675,0.311,0.905,47903,84,9,97320,0,0,0.185,6.3,high,0
TR00902,790,0.3,0.836,35302,72,0,137364,2,0,0.182,15.7,medium,0
TR00903,828,0.298,1.116,63877,72,3,133919,1,1,0.179,8.0,low,0
TR00904,732,0.317,0.994,61234,36,1,195349,1,0,0.011,4.9,low,1
TR00905,527,0.356,0.8,54670,60,15,189512,1,0,0.132,13.5,medium,0
TR00906,819,0.426,1.013,64409,84,5,81968,0,0,0.194,7.1,high,0
TR00907,655,0.384,0.992,39816,72,4,149984,1,0,0.162,0.0,low,0
TR00908,767,0.157,1.314,17957,36,0,120795,0,1,0.0,1.4,low,1
TR00909,606,0.264,1.252,27980,84,13,106722,0,2,0.0,9.6,medium,1
TR00910,605,0.329,0.957,50669,60,7,103088,1,0,0.262,0.0,low,1
TR00911,634,0.445,0.858,69173,60,3,83418,1,2,0.142,4.9,low,0
TR00912,684,0.48,0.895,30703,72,12,198576,2,0,0.0,13.2,low,0
TR00913,773,0.271,0.713,48296,84,7,57820,1,0,0.215,8.6,medium,0
TR00914,762,0.391,0.947,67490,72,7,33793,1,3,0.158,0.0,medium,1
TR00915,528,0.504,0.772,32895,48,10,156537,1,1,0.082,6.9,low,1
TR00916,663,0.291,0.899,35882,84,11,188079,0,2,0.119,4.5,medium,0
TR00917,546,0.16,1.004,23526,84,13,192183,1,2,0.14,7.2,low,0
TR00918,815,0.251,1.114,37775,36,9,176421,0,3,0.116,10.0,medium,0
TR00919,774,0.658,0.666,39498,48,4,35244,0,1,0.186,8.7,low,0
TR00920,717,0.347,0.744,26663,48,12,141333,0,0,0.084,6.2,medium,0
TR00921,778,0.483,0.966,21294,84,4,35967,2,1,0.0,0.0,high,0
TR00922,641,0.476,0.762,29371,60,1,47478,1,1,0.15,12.8,medium,1
TR00923,583,0.447,1.057,36339,84,1,86340,0,1,0.107,5.4,low,0
TR00924,828,0.43,0.97,49214,48,1,82327,1,1,0.165,3.6,medium,0
TR00925,569,0.517,0.848,42944,72,6,192413,0,4,0.098,5.1,high,0
TR00926,825,0.363,0.796,39626,60,1,33377,2,1,0.128,11.2,high,0
TR00927,689,0.402,1.252,35097,84,3,21548,0,0,0.047,8.2,high,0
TR00928,538,0.207,1.157,65526,60,12,30031,0,3,0.123,4.5,low,0
TR00929,556,0.451,0.969,32073,72,15,57406,1,1,0.052,7.2,high,1
TR00930,824,0.28,0.762,23460,36,2,140262,0,3,0.129,11.2,medium,0
TR00931,613,0.147,1.111,38124,36,14,183481,0,0,0.188,7.8,medium,0
TR00932,744,0.369,1.064,5521,36,8,98678,1,2,0.135,9.6,medium,1
TR00933,666,0.339,0.785,33403,60,11,115361,1,1,0.126,2.1,medium,0
TR00934,667,0.453,0.851,54825,72,0,150098,1,0,0.047,3.8,medium,1
TR00935,702,0.294,1.004,14102,84,14,140384,1,2,0.154,9.4,medium,0
TR00936,753,0.314,0.715,69672,84,13,116080,1,2,0.178,5.9,high,0
TR00937,768,0.511,1.038,47241,60,0,174836,1,2,0.106,8.9,medium,0
TR00938,772,0.543,0.5,64178,84,2,131785,0,3,0.098,9.0,medium,0
TR00939,692,0.397,0.818,25721,36,6,116486,0,1,0.078,3.9,low,0
TR00940,548,0.51,1.191,12288,84,15,197432,0,1,0.15,7.7,low,0
TR00941,647,0.371,0.867,20496,72,0,64157,0,2,0.098,8.2,low,0
TR00942,665,0.214,1.105,43760,60,5,73712,0,2,0.032,7.7,low,0
TR00943,628,0.293,1.113,22424,72,0,81614,0,1,0.166,12.4,medium,0
TR00944,829,0.379,0.875,25010,60,2,154816,1,3,0.069,8.4,low,0
TR00945,745,0.19,0.687,55675,48,6,21855,0,0,0.048,7.5,high,0
TR00946,715,0.142,1.0,33221,72,14,91884,0,1,0.07,2.9,high,0
TR00947,613,0.357,1.173,57380,60,1,168724,1,0,0.126,3.6,low,0
TR00948,690,0.301,0.895,43159,84,6,59055,1,0,0.113,10.7,high,0
TR00949,630,0.459,0.726,43192,36,12,150559,0,5,0.219,10.6,low,0
TR00950,649,0.467,1.082,20230,36,3,158663,0,1,0.026,11.7,low,1
TR00951,674,0.376,1.126,17433,60,3,60010,0,0,0.177,9.8,medium,0
TR00952,528,0.355,1.012,57185,36,2,147148,1,1,0.228,14.9,low,1
TR00953,616,0.426,0.859,13907,84,6,150406,1,3,0.137,9.2,low,1
TR00954,635,0.291,1.021,14200,60,5,171767,0,0,0.018,13.7,medium,0
TR00955,575,0.294,0.5,5726,48,10,107018,0,2,0.128,6.1,low,0
TR00956,735,0.36,0.719,6631,84,12,149225,0,0,0.133,12.0,medium,0
TR00957,730,0.469,0.984,34738,84,14,171430,0,2,0.185,5.7,medium,0
TR00958,536,0.469,0.967,13285,60,14,165661,0,3,0.138,3.0,medium,1
TR00959,605,0.306,0.893,37338,48,14,69806,0,0,0.119,8.1,high,0
TR00960,707,0.372,0.909,66955,48,0,164007,0,1,0.0,5.4,medium,1
TR00961,695,0.351,0.965,51376,48,2,47264,1,3,0.139,7.6,low,0
TR00962,567,0.104,1.003,24891,84,5,70057,0,0,0.135,9.5,medium,0
TR00963,606,0.33,1.045,40159,60,6,145307,0,1,0.114,0.8,medium,0
TR00964,607,0.468,0.768,54222,48,6,66810,0,2,0.077,10.1,high,0
TR00965,763,0.339,1.138,9382,48,15,198979,0,2,0.021,4.7,medium,0
TR00966,744,0.336,0.671,18922,48,12,26889,1,3,0.016,2.8,high,0
TR00967,642,0.212,0.918,69712,84,2,98894,2,1,0.185,7.3,medium,1
TR00968,807,0.087,0.943,47446,36,11,36878,1,1,0.246,8.5,low,0
TR00969,692,0.362,0.905,7296,60,12,94900,1,2,0.005,7.0,high,0
TR00970,760,0.281,0.988,37049,72,12,165534,0,2,0.017,2.4,medium,0
TR00971,664,0.399,1.164,22022,60,4,65144,3,2,0.066,2.8,low,1
TR00972,698,0.291,1.075,28940,72,9,20414,0,1,0.161,7.4,medium,0
TR00973,618,0.414,1.156,57185,48,10,173757,0,4,0.0,9.0,medium,0
TR00974,688,0.429,0.986,9601,84,0,177258,0,0,0.192,4.5,medium,1
TR00975,588,0.279,0.987,37618,60,14,167243,1,3,0.204,8.9,medium,0
TR00976,648,0.341,0.884,54353,60,4,70384,1,1,0.163,2.7,high,0
TR00977,711,0.444,1.272,22272,84,12,39762,1,1,0.255,7.0,medium,0
TR00978,792,0.411,1.081,61900,84,12,95414,2,4,0.169,11.1,low,0
TR00979,734,0.136,0.976,61586,60,4,58823,0,3,0.08,0.0,low,0
TR00980,827,0.315,0.758,25044,84,4,137651,0,2,0.105,1.5,low,0
TR00981,619,0.519,1.002,64682,36,10,99181,0,2,0.165,2.4,low,0
TR00982,550,0.318,0.734,65795,84,11,192663,0,0,0.0,5.7,low,0
TR00983,594,0.482,0.677,43622,60,1,75678,1,2,0.016,6.5,medium,1
TR00984,567,0.522,0.813,50977,48,13,138576,1,3,0.179,0.0,low,1
TR00985,561,0.435,1.066,11876,84,8,50685,0,2,0.066,3.0,high,1
TR00986,634,0.245,0.906,24277,72,7,93402,0,0,0.15,7.2,medium,0
TR00987,740,0.399,1.067,39101,84,7,53626,0,2,0.0,0.0,low,0
TR00988,756,0.497,1.004,9434,60,7,22570,0,2,0.187,6.1,low,0
TR00989,812,0.292,0.881,31341,36,9,151610,0,1,0.126,4.8,low,0
TR00990,568,0.308,0.7,5557,60,12,136738,1,3,0.304,2.9,low,0
TR00991,585,0.28,0.833,19779,84,1,39350,2,0,0.181,5.8,low,0
TR00992,726,0.332,0.892,16254,48,9,88171,0,1,0.141,7.0,low,0
TR00993,621,0.321,1.102,14681,84,13,181582,2,2,0.225,5.7,medium,1
TR00994,547,0.423,0.955,31654,84,12,110607,1,0,0.173,8.6,medium,1
TR00995,710,0.403,0.854,68770,84,2,127584,0,3,0.209,5.4,medium,0
TR00996,533,0.268,0.661,41147,84,3,24905,0,1,0.181,0.0,high,0
TR00997,804,0.343,0.911,23275,72,5,72877,3,0,0.026,9.7,high,0
TR00998,787,0.31,1.106,38738,36,15,52262,1,1,0.098,11.9,medium,0
TR00999,727,0.178,1.125,27993,60,14,150752,0,2,0.121,7.6,high,0
